433280	1282	hi mom!
1122282	1282	hi mom!
508360	1282	hi mom!
508363	1282	hi mom!
508366	1282	hi mom!
508369	1282	hi mom!
508372	1282	hi mom!
513820	1282	hi mom!
532202	1282	hi mom!
642231	1282	hi mom!
642234	1282	hi mom!
719101	1282	hi mom!
743673	1282	hi mom!
743674	1282	hi mom!
743675	1282	hi mom!
743676	1282	hi mom!
743677	1282	hi mom!
743678	1282	hi mom!
743679	1282	hi mom!
743681	1282	hi mom!
743682	1282	hi mom!
743684	1282	hi mom!
743685	1282	hi mom!
743687	1282	hi mom!
743688	1282	hi mom!
743689	1282	hi mom!
743690	1282	hi mom!
743692	1282	hi mom!
743694	1282	hi mom!
743696	1282	hi mom!
743697	1282	hi mom!
743698	1282	hi mom!
743699	1282	hi mom!
743700	1282	hi mom!
743701	1282	hi mom!
743702	1282	hi mom!
743703	1282	hi mom!
743704	1282	hi mom!
743705	1282	hi mom!
743706	1282	hi mom!
743707	1282	hi mom!
743708	1282	hi mom!
743709	1282	hi mom!
743710	1282	hi mom!
743711	1282	hi mom!
743712	1282	hi mom!
743713	1282	hi mom!
743714	1282	hi mom!
743715	1282	hi mom!
743716	1282	hi mom!
743717	1282	hi mom!
743718	1282	hi mom!
743720	1282	hi mom!
743721	1282	hi mom!
743722	1282	hi mom!
743723	1282	hi mom!
743724	1282	hi mom!
743725	1282	hi mom!
743726	1282	hi mom!
743727	1282	hi mom!
743728	1282	hi mom!
743729	1282	hi mom!
743730	1282	hi mom!
743731	1282	hi mom!
743755	1282	hi mom!
743757	1282	hi mom!
743758	1282	hi mom!
743759	1282	hi mom!
743761	1282	hi mom!
743763	1282	hi mom!
743765	1282	hi mom!
743766	1282	hi mom!
743767	1282	hi mom!
743769	1282	hi mom!
743772	1282	hi mom!
743778	1282	hi mom!
743780	1282	hi mom!
743781	1282	hi mom!
743782	1282	hi mom!
743784	1282	hi mom!
743787	1282	hi mom!
743788	1282	hi mom!
743790	1282	hi mom!
743791	1282	hi mom!
743794	1282	hi mom!
743796	1282	hi mom!
743798	1282	hi mom!
743799	1282	hi mom!
743800	1282	hi mom!
743801	1282	hi mom!
743802	1282	hi mom!
743803	1282	hi mom!
743804	1282	hi mom!
743805	1282	hi mom!
743806	1282	hi mom!
743807	1282	hi mom!
743808	1282	hi mom!
743810	1282	hi mom!
743811	1282	hi mom!
743812	1282	hi mom!
743813	1282	hi mom!
743814	1282	hi mom!
743815	1282	hi mom!
743817	1282	hi mom!
743818	1282	hi mom!
743819	1282	hi mom!
743821	1282	hi mom!
743822	1282	hi mom!
743823	1282	hi mom!
743828	1282	hi mom!
743829	1282	hi mom!
743830	1282	hi mom!
743831	1282	hi mom!
743833	1282	hi mom!
743834	1282	hi mom!
743836	1282	hi mom!
743838	1282	hi mom!
743841	1282	hi mom!
743842	1282	hi mom!
743844	1282	hi mom!
743845	1282	hi mom!
743846	1282	hi mom!
743847	1282	hi mom!
743849	1282	hi mom!
743850	1282	hi mom!
743851	1282	hi mom!
743852	1282	hi mom!
743853	1282	hi mom!
743855	1282	hi mom!
743857	1282	hi mom!
743859	1282	hi mom!
743860	1282	hi mom!
743861	1282	hi mom!
743862	1282	hi mom!
743864	1282	hi mom!
743866	1282	hi mom!
743867	1282	hi mom!
743868	1282	hi mom!
743870	1282	hi mom!
743873	1282	hi mom!
743875	1282	hi mom!
743877	1282	hi mom!
743878	1282	hi mom!
743880	1282	hi mom!
743882	1282	hi mom!
743884	1282	hi mom!
743886	1282	hi mom!
743888	1282	hi mom!
743890	1282	hi mom!
743892	1282	hi mom!
743894	1282	hi mom!
743896	1282	hi mom!
743897	1282	hi mom!
743899	1282	hi mom!
743900	1282	hi mom!
743901	1282	hi mom!
743902	1282	hi mom!
743904	1282	hi mom!
743905	1282	hi mom!
743907	1282	hi mom!
743909	1282	hi mom!
743911	1282	hi mom!
743912	1282	hi mom!
743913	1282	hi mom!
743915	1282	hi mom!
743916	1282	hi mom!
743917	1282	hi mom!
743918	1282	hi mom!
743919	1282	hi mom!
743921	1282	hi mom!
743922	1282	hi mom!
743924	1282	hi mom!
743923	1282	hi mom!
743925	1282	hi mom!
743926	1282	hi mom!
743927	1282	hi mom!
743928	1282	hi mom!
743929	1282	hi mom!
743930	1282	hi mom!
743931	1282	hi mom!
743932	1282	hi mom!
743933	1282	hi mom!
743934	1282	hi mom!
743935	1282	hi mom!
743936	1282	hi mom!
743937	1282	hi mom!
743938	1282	hi mom!
743939	1282	hi mom!
743940	1282	hi mom!
743942	1282	hi mom!
743943	1282	hi mom!
744098	1282	hi mom!
744099	1282	hi mom!
744101	1282	hi mom!
744103	1282	hi mom!
744109	1282	hi mom!
744111	1282	hi mom!
744324	1282	hi mom!
744325	1282	hi mom!
744326	1282	hi mom!
744327	1282	hi mom!
745787	1282	hi mom!
745966	1282	hi mom!
746766	1282	hi mom!
746768	1282	hi mom!
746769	1282	hi mom!
746771	1282	hi mom!
746772	1282	hi mom!
746773	1282	hi mom!
746775	1282	hi mom!
746776	1282	hi mom!
746778	1282	hi mom!
746780	1282	hi mom!
746781	1282	hi mom!
746783	1282	hi mom!
746784	1282	hi mom!
746786	1282	hi mom!
746787	1282	hi mom!
746788	1282	hi mom!
746789	1282	hi mom!
746793	1282	hi mom!
746795	1282	hi mom!
746797	1282	hi mom!
746798	1282	hi mom!
746803	1282	hi mom!
746804	1282	hi mom!
746805	1282	hi mom!
746806	1282	hi mom!
746807	1282	hi mom!
746808	1282	hi mom!
746809	1282	hi mom!
746810	1282	hi mom!
746811	1282	hi mom!
746812	1282	hi mom!
746813	1282	hi mom!
746815	1282	hi mom!
746909	1282	hi mom!
746911	1282	hi mom!
746912	1282	hi mom!
746913	1282	hi mom!
746914	1282	hi mom!
746915	1282	hi mom!
746917	1282	hi mom!
746918	1282	hi mom!
746919	1282	hi mom!
746921	1282	hi mom!
746923	1282	hi mom!
746927	1282	hi mom!
746929	1282	hi mom!
746930	1282	hi mom!
746932	1282	hi mom!
746933	1282	hi mom!
746934	1282	hi mom!
746935	1282	hi mom!
746937	1282	hi mom!
746939	1282	hi mom!
746940	1282	hi mom!
746941	1282	hi mom!
746944	1282	hi mom!
746945	1282	hi mom!
746946	1282	hi mom!
746947	1282	hi mom!
746948	1282	hi mom!
746949	1282	hi mom!
746952	1282	hi mom!
746951	1282	hi mom!
746953	1282	hi mom!
746955	1282	hi mom!
746956	1282	hi mom!
746958	1282	hi mom!
746960	1282	hi mom!
746961	1282	hi mom!
746962	1282	hi mom!
746963	1282	hi mom!
746964	1282	hi mom!
746965	1282	hi mom!
746966	1282	hi mom!
746968	1282	hi mom!
746969	1282	hi mom!
746971	1282	hi mom!
746972	1282	hi mom!
746973	1282	hi mom!
746974	1282	hi mom!
746975	1282	hi mom!
746978	1282	hi mom!
746979	1282	hi mom!
746980	1282	hi mom!
746983	1282	hi mom!
746985	1282	hi mom!
746986	1282	hi mom!
746988	1282	hi mom!
746989	1282	hi mom!
746991	1282	hi mom!
746992	1282	hi mom!
746993	1282	hi mom!
746994	1282	hi mom!
746995	1282	hi mom!
746997	1282	hi mom!
746998	1282	hi mom!
746999	1282	hi mom!
747001	1282	hi mom!
747003	1282	hi mom!
747004	1282	hi mom!
747006	1282	hi mom!
747007	1282	hi mom!
747009	1282	hi mom!
747010	1282	hi mom!
747011	1282	hi mom!
747054	1282	hi mom!
747055	1282	hi mom!
747057	1282	hi mom!
747058	1282	hi mom!
747061	1282	hi mom!
747062	1282	hi mom!
747063	1282	hi mom!
747067	1282	hi mom!
747069	1282	hi mom!
747072	1282	hi mom!
747073	1282	hi mom!
747074	1282	hi mom!
747075	1282	hi mom!
747076	1282	hi mom!
747077	1282	hi mom!
747079	1282	hi mom!
747081	1282	hi mom!
747082	1282	hi mom!
747083	1282	hi mom!
747084	1282	hi mom!
747085	1282	hi mom!
747086	1282	hi mom!
747087	1282	hi mom!
747089	1282	hi mom!
747091	1282	hi mom!
747092	1282	hi mom!
747094	1282	hi mom!
747095	1282	hi mom!
747096	1282	hi mom!
747097	1282	hi mom!
747098	1282	hi mom!
747100	1282	hi mom!
747103	1282	hi mom!
747104	1282	hi mom!
747106	1282	hi mom!
747108	1282	hi mom!
747109	1282	hi mom!
749591	1282	hi mom!
749592	1282	hi mom!
749593	1282	hi mom!
749653	1282	hi mom!
749656	1282	hi mom!
749657	1282	hi mom!
749658	1282	hi mom!
749661	1282	hi mom!
749664	1282	hi mom!
749669	1282	hi mom!
749670	1282	hi mom!
749674	1282	hi mom!
749677	1282	hi mom!
749683	1282	hi mom!
749684	1282	hi mom!
749686	1282	hi mom!
749687	1282	hi mom!
749688	1282	hi mom!
749691	1282	hi mom!
749694	1282	hi mom!
749696	1282	hi mom!
749697	1282	hi mom!
749700	1282	hi mom!
749701	1282	hi mom!
749702	1282	hi mom!
749703	1282	hi mom!
749704	1282	hi mom!
749705	1282	hi mom!
749706	1282	hi mom!
749707	1282	hi mom!
749816	1282	hi mom!
749818	1282	hi mom!
751106	1282	hi mom!
751108	1282	hi mom!
751110	1282	hi mom!
751112	1282	hi mom!
751115	1282	hi mom!
751116	1282	hi mom!
751117	1282	hi mom!
751118	1282	hi mom!
751120	1282	hi mom!
751121	1282	hi mom!
751122	1282	hi mom!
751124	1282	hi mom!
751126	1282	hi mom!
751128	1282	hi mom!
751129	1282	hi mom!
756264	1282	hi mom!
756265	1282	hi mom!
756266	1282	hi mom!
756267	1282	hi mom!
756268	1282	hi mom!
756269	1282	hi mom!
756270	1282	hi mom!
756271	1282	hi mom!
756272	1282	hi mom!
756273	1282	hi mom!
756274	1282	hi mom!
756275	1282	hi mom!
756276	1282	hi mom!
756277	1282	hi mom!
760954	1282	hi mom!
760958	1282	hi mom!
760960	1282	hi mom!
760962	1282	hi mom!
760964	1282	hi mom!
760970	1282	hi mom!
760972	1282	hi mom!
760974	1282	hi mom!
760978	1282	hi mom!
760982	1282	hi mom!
760984	1282	hi mom!
760985	1282	hi mom!
760986	1282	hi mom!
760990	1282	hi mom!
760993	1282	hi mom!
760996	1282	hi mom!
760997	1282	hi mom!
760999	1282	hi mom!
761001	1282	hi mom!
761002	1282	hi mom!
761004	1282	hi mom!
761006	1282	hi mom!
761007	1282	hi mom!
761008	1282	hi mom!
761009	1282	hi mom!
761011	1282	hi mom!
761012	1282	hi mom!
761014	1282	hi mom!
761017	1282	hi mom!
761018	1282	hi mom!
761024	1282	hi mom!
762459	1282	hi mom!
762461	1282	hi mom!
762462	1282	hi mom!
762463	1282	hi mom!
762465	1282	hi mom!
762467	1282	hi mom!
762468	1282	hi mom!
762469	1282	hi mom!
762470	1282	hi mom!
763116	1282	hi mom!
778159	1282	hi mom!
849713	1282	hi mom!
867551	1282	hi mom!
869069	1282	hi mom!
869095	1282	hi mom!
869098	1282	hi mom!
949470	1282	hi mom!
987716	1282	hi mom!
987723	1282	hi mom!
1020796	1282	hi mom!
1020797	1282	hi mom!
1020798	1282	hi mom!
1020799	1282	hi mom!
1020800	1282	hi mom!
1020801	1282	hi mom!
1020802	1282	hi mom!
1020803	1282	hi mom!
1020804	1282	hi mom!
1020805	1282	hi mom!
1020806	1282	hi mom!
1020807	1282	hi mom!
1020808	1282	hi mom!
1020809	1282	hi mom!
1020810	1282	hi mom!
1020811	1282	hi mom!
1020812	1282	hi mom!
1020813	1282	hi mom!
1020814	1282	hi mom!
1020815	1282	hi mom!
1020816	1282	hi mom!
1020817	1282	hi mom!
1020818	1282	hi mom!
1020819	1282	hi mom!
1020820	1282	hi mom!
1020821	1282	hi mom!
1021073	1282	hi mom!
1021075	1282	hi mom!
1021076	1282	hi mom!
1021077	1282	hi mom!
1021078	1282	hi mom!
1021079	1282	hi mom!
1021080	1282	hi mom!
1021081	1282	hi mom!
1021082	1282	hi mom!
1034151	1282	hi mom!
1034906	1282	hi mom!
1034910	1282	hi mom!
1034911	1282	hi mom!
1034912	1282	hi mom!
1034913	1282	hi mom!
1034918	1282	hi mom!
1055060	1282	hi mom!
1072151	1282	hi mom!
1072159	1282	hi mom!
1072166	1282	hi mom!
1072172	1282	hi mom!
1072174	1282	hi mom!
1072175	1282	hi mom!
1072177	1282	hi mom!
1072178	1282	hi mom!
1072194	1282	hi mom!
1073615	1282	hi mom!
1073617	1282	hi mom!
1073619	1282	hi mom!
1073623	1282	hi mom!
1073627	1282	hi mom!
1073633	1282	hi mom!
1073637	1282	hi mom!
1073640	1282	hi mom!
1073645	1282	hi mom!
1073652	1282	hi mom!
1073654	1282	hi mom!
1073656	1282	hi mom!
1121895	1282	hi mom!
1121897	1282	hi mom!
1121901	1282	hi mom!
1121904	1282	hi mom!
1121907	1282	hi mom!
1121912	1282	hi mom!
1121913	1282	hi mom!
1121914	1282	hi mom!
1121916	1282	hi mom!
1121917	1282	hi mom!
1121919	1282	hi mom!
1121932	1282	hi mom!
1121933	1282	hi mom!
1121934	1282	hi mom!
1122266	1282	hi mom!
1122270	1282	hi mom!
1122271	1282	hi mom!
1122273	1282	hi mom!
1122279	1282	hi mom!
1122281	1282	hi mom!
1122284	1282	hi mom!
1122285	1282	hi mom!
1122286	1282	hi mom!
1122288	1282	hi mom!
1122289	1282	hi mom!
1122291	1282	hi mom!
1122293	1282	hi mom!
1122295	1282	hi mom!
1122296	1282	hi mom!
1122297	1282	hi mom!
1122298	1282	hi mom!
1122300	1282	hi mom!
1122301	1282	hi mom!
1122302	1282	hi mom!
1122303	1282	hi mom!
1122305	1282	hi mom!
1122307	1282	hi mom!
1122309	1282	hi mom!
1122310	1282	hi mom!
1122311	1282	hi mom!
1122322	1282	hi mom!
1122325	1282	hi mom!
1122329	1282	hi mom!
1122330	1282	hi mom!
1122331	1282	hi mom!
1122333	1282	hi mom!
1122335	1282	hi mom!
1122336	1282	hi mom!
1122340	1282	hi mom!
1122345	1282	hi mom!
1122349	1282	hi mom!
1122353	1282	hi mom!
1122376	1282	hi mom!
1122387	1282	hi mom!
1122392	1282	hi mom!
1122396	1282	hi mom!
1122401	1282	hi mom!
1122408	1282	hi mom!
1122409	1282	hi mom!
1122415	1282	hi mom!
1122417	1282	hi mom!
1122418	1282	hi mom!
1122420	1282	hi mom!
1122422	1282	hi mom!
1122423	1282	hi mom!
1122425	1282	hi mom!
1122429	1282	hi mom!
1122430	1282	hi mom!
1122431	1282	hi mom!
1122432	1282	hi mom!
1122433	1282	hi mom!
1122434	1282	hi mom!
1122436	1282	hi mom!
1122437	1282	hi mom!
1122439	1282	hi mom!
1122440	1282	hi mom!
1122442	1282	hi mom!
1122443	1282	hi mom!
1122445	1282	hi mom!
1122446	1282	hi mom!
1122447	1282	hi mom!
1122448	1282	hi mom!
1122451	1282	hi mom!
1122452	1282	hi mom!
1122453	1282	hi mom!
1122454	1282	hi mom!
1122455	1282	hi mom!
1122456	1282	hi mom!
1122457	1282	hi mom!
1122459	1282	hi mom!
1122460	1282	hi mom!
1122461	1282	hi mom!
1122462	1282	hi mom!
1122464	1282	hi mom!
1122466	1282	hi mom!
1122467	1282	hi mom!
1122468	1282	hi mom!
1122470	1282	hi mom!
1122471	1282	hi mom!
1122472	1282	hi mom!
1122475	1282	hi mom!
1122476	1282	hi mom!
1122477	1282	hi mom!
1124874	1282	hi mom!
1124875	1282	hi mom!
1124880	1282	hi mom!
1124960	1282	hi mom!
1124964	1282	hi mom!
1124972	1282	hi mom!
1124976	1282	hi mom!
1124987	1282	hi mom!
1124989	1282	hi mom!
1124992	1282	hi mom!
1124996	1282	hi mom!
1124998	1282	hi mom!
1124999	1282	hi mom!
1125008	1282	hi mom!
1125010	1282	hi mom!
1125011	1282	hi mom!
1125013	1282	hi mom!
1125015	1282	hi mom!
1125017	1282	hi mom!
1125020	1282	hi mom!
1125021	1282	hi mom!
1125022	1282	hi mom!
1125024	1282	hi mom!
1125026	1282	hi mom!
1125028	1282	hi mom!
1125029	1282	hi mom!
1125030	1282	hi mom!
1125032	1282	hi mom!
1125034	1282	hi mom!
1125036	1282	hi mom!
1125038	1282	hi mom!
1125040	1282	hi mom!
1125041	1282	hi mom!
1125042	1282	hi mom!
1125043	1282	hi mom!
1125044	1282	hi mom!
1125045	1282	hi mom!
1125046	1282	hi mom!
1125047	1282	hi mom!
1125050	1282	hi mom!
1125052	1282	hi mom!
1125053	1282	hi mom!
1125054	1282	hi mom!
1125055	1282	hi mom!
1125056	1282	hi mom!
1125058	1282	hi mom!
1125059	1282	hi mom!
1125060	1282	hi mom!
1125061	1282	hi mom!
1125179	1282	hi mom!
1125180	1282	hi mom!
1125183	1282	hi mom!
1125185	1282	hi mom!
1125186	1282	hi mom!
1125205	1282	hi mom!
1125207	1282	hi mom!
1125208	1282	hi mom!
1125214	1282	hi mom!
1125224	1282	hi mom!
1125225	1282	hi mom!
1125228	1282	hi mom!
1125231	1282	hi mom!
1125236	1282	hi mom!
1125239	1282	hi mom!
1125244	1282	hi mom!
1125247	1282	hi mom!
1125249	1282	hi mom!
1125252	1282	hi mom!
1125257	1282	hi mom!
1125260	1282	hi mom!
1125263	1282	hi mom!
1125270	1282	hi mom!
1125271	1282	hi mom!
1125273	1282	hi mom!
1125276	1282	hi mom!
1125279	1282	hi mom!
1125281	1282	hi mom!
1125283	1282	hi mom!
1125288	1282	hi mom!
1125289	1282	hi mom!
1125291	1282	hi mom!
1125294	1282	hi mom!
1125295	1282	hi mom!
1125297	1282	hi mom!
1125301	1282	hi mom!
1125305	1282	hi mom!
1125308	1282	hi mom!
1125316	1282	hi mom!
1125318	1282	hi mom!
1125320	1282	hi mom!
1125322	1282	hi mom!
1125324	1282	hi mom!
1125331	1282	hi mom!
1125332	1282	hi mom!
1125333	1282	hi mom!
1125335	1282	hi mom!
1125337	1282	hi mom!
1125340	1282	hi mom!
1125345	1282	hi mom!
1125347	1282	hi mom!
